[
    {   
        "question_name": 1,
        "key": 1,"difficulty": 1,
        "leetcode_link": "delectus aut autem",
        "completed": false
    },
    {
        "question_name": 1,
        "key": 2,"difficulty": 2,
        "leetcode_link": "quis ut nam facilis et officia qui",
        "completed": false
    },
    {
        "question_name": 1,
        "key": 3,"difficulty": 3,
        "leetcode_link": "fugiat veniam minus",
        "completed": false
    },
    {
        "question_name": 1,
        "key": 4,"difficulty": 4,
        "leetcode_link": "et porro tempora",
        "completed": true
    },
    {
        "question_name": 1,
        "key": 5,"difficulty": 5,
        "leetcode_link": "laboriosam mollitia et enim quasi adipisci quia provdifficultyent illum",
        "completed": false
    },
    {
        "question_name": 1,
        "key": 6,"difficulty": 6,
        "leetcode_link": "qui ullam ratione quibusdam voluptatem quia omnis",
        "completed": false
    },
    {
        "question_name": 1,
        "key": 7,"difficulty": 7,
        "leetcode_link": "illo expedita consequatur quia in",
        "completed": false
    },
    {
        "question_name": 1,
        "key": 8,"difficulty": 8,
        "leetcode_link": "quo adipisci enim quam ut ab",
        "completed": true
    }
]